time,x,y,z,phi,theta,psi,x_velocity,y_velocity,z_velocity,phi_velocity,theta_velocity,psi_velocity,rotor_speed1,rotor_speed2,rotor_speed3,rotor_speed4
0.06,-0.014174343702474649,9.23654769649654e-05,0.04357353215973993,0.012576029471992989,0.12887347791112802,0.0,-0.7627035187970244,0.005732790347632701,1.354451015584137,0.2211541115305211,-10.728253289034484,0.0,896.1570642066193,3.2929590177755026,890.3387623932573,899.3430610600399
0.12000000000000001,-0.07699879121953132,0.0004885199642931441,0.12333875474850853,0.029191537895737696,4.84754518124258,0.0,-1.0189620624816667,-0.007390974051999631,0.48981567830734307,0.00722253635222854,-16.43775312352465,0.0,781.483372589511,181.72084186305023,900.1162214385414,891.4304854088539
0.18,-0.10502434027466562,-0.0018982283923656778,0.13335055938969217,0.5186866715017686,1.7895354599194437,0.0,-0.37941375843103786,0.1605086560852786,-0.025636888565430366,-10.821717351607386,-3.2876793124479327,0.0,-0.17179186521643755,900.1225070608899,900.4356759904118,-0.1313751507167225
0.23999999999999996,-0.16060711281199067,0.012787762194927419,0.1069476630666312,5.494247413941208,3.4824526554225805,0.0,-1.1719904134107721,0.2680930314315343,-0.4836327962154708,-19.290782495068957,7.805926890661658,0.0,-0.05178735455127742,900.1766272816901,900.4409492787569,0.16604460896175488
0.3,-0.22516195629798896,0.031070736153873523,0.036257996937629586,2.3522170554272,0.020831830289713693,0.0,-1.3622186245862462,-0.0408931732323661,-1.5989761630785424,-24.36450338273086,17.1695829263117,0.0,-0.22109663259627715,900.0337134055226,900.1851128412076,0.4024214378532509
0.36000000000000004,-0.3098714267734427,0.0373911393567535,0.0,1.9239046028045497,6.087004823583236,0.0,-1.1214254797011243,-0.015823637237339254,-2.174777679645094,-26.87118612970263,22.53848771722955,0.0,241.45549460154774,900.0958590883142,899.9540008987897,34.69201821234849
